text,created_at,geo,lang,place,coordinates,user.favourites_count,user.statuses_count,user.description,user.location,user.id,user.created_at,user.verified,user.following,user.url,user.listed_count,user.followers_count,user.default_profile_image,user.utc_offset,user.friends_count,user.default_profile,user.name,user.lang,user.screen_name,user.geo_enabled,user.profile_background_color,user.profile_image_url,user.time_zone,id,favorite_count,retweeted,source,favorited,retweet_count
"""Success is a lousy teacher. It seduces smart people into thinking they canâ€™t lose.â€ â€”@BillGates

This is very impoâ€¦ https://t.co/ztF110ml1q",Mon Jan 11 21:48:54 +0000 2021,,en,,,3,427440,Chief Digital Evangelist @Salesforce | Columnist: @ZDNet | Show: @DisrupTVShow | Book: https://t.co/oSpLljigAi,Boston,259725229,Wed Mar 02 13:31:29 +0000 2011,True,False,https://t.co/hrhaCHhyjx,11021,523885,False,,295,False,Vala Afshar,,ValaAfshar,True,C0DEED,http://pbs.twimg.com/profile_images/1259558245/vala_300dpi_normal.jpg,,1348748746352312323,387,False,"<a href=""http://twitter.com/#!/download/ipad"" rel=""nofollow"">Twitter for iPad</a>",False,132
"Peruvian court probing judge's ruling alleging Soros, Bill Gates are creators of #COVID19 pandemic 

@georgesorosâ€¦ https://t.co/rUFCHgu7QL",Tue Jan 12 10:10:00 +0000 2021,,en,,,24,144236,"Sputnik is a global wire, radio and digital news service. We exist to tell the stories that arenâ€™t being told.",,34262462,Wed Apr 22 12:55:28 +0000 2009,True,False,https://t.co/CGNEJoSLHS,6579,323632,False,,304,False,Sputnik,,SputnikInt,False,000000,http://pbs.twimg.com/profile_images/1338442439862996992/LABf4E_j_normal.jpg,,1348935249846280194,75,False,"<a href=""https://about.twitter.com/products/tweetdeck"" rel=""nofollow"">TweetDeck</a>",False,54
"You can find a full list here: https://t.co/3upvNVUsu2

Join in, by tagging in the comments: @UnitedHealthGrp,â€¦ https://t.co/cRZiruekAP",Mon Jan 11 23:07:29 +0000 2021,,en,,,2439,2591,"Mom, wife, healthcare advocate, Ms. Lauryn Hill Stan, former Legislator, proud Democrat","Canton, NY",731616058495389696,Sat May 14 22:43:55 +0000 2016,True,False,https://t.co/t0p6ZRWcNL,582,260284,False,,6475,False,Tedra Cobb,,TedraCobb,True,000000,http://pbs.twimg.com/profile_images/1276229509172342785/zqi198lA_normal.jpg,,1348768521564680193,260,False,"<a href=""http://twitter.com/download/iphone"" rel=""nofollow"">Twitter for iPhone</a>",False,80
#letsproveEMequalsEMC2rightray @BillGates @elonmusk @timcook @richardbranson @dariogila @OwnerFacebook @larryellison,Tue Jan 12 18:04:55 +0000 2021,,und,,,1,20,Thinker!,,1346543210206801926,Tue Jan 05 19:45:18 +0000 2021,False,False,,0,0,True,,18,True,Raymond Morrison,,Raymond29916239,False,F5F8FA,http://abs.twimg.com/sticky/default_profile_images/default_profile_normal.png,,1349054769621577729,0,False,"<a href=""https://mobile.twitter.com"" rel=""nofollow"">Twitter Web App</a>",False,0
@Nyisist1 @SibandaSibbs @BillGates @lilomatic If you ain't need it sha just don't get the jab.,Tue Jan 12 18:03:37 +0000 2021,,en,,,678,606,"Nothing beats the best of a
Village Boy|Realistic|",Zimbabwe,979284297801707520,Thu Mar 29 09:09:05 +0000 2018,False,False,,0,133,False,,503,True,Mukanya WeMbire,,RealMandizvidza,False,F5F8FA,http://pbs.twimg.com/profile_images/1285479100778414081/OcSx-SEr_normal.jpg,,1349054442012893186,0,False,"<a href=""http://twitter.com/download/android"" rel=""nofollow"">Twitter for Android</a>",False,0
@dbongino @IvankaTrump @FLOTUS @VP @GenFlynn @Pontifex @FBI @CIA @NSAGov @DHSgov @GovRonDeSantis @RepMattGaetzâ€¦ https://t.co/d0KS5zEKFy,Tue Jan 12 18:03:09 +0000 2021,,en,,,2915,4850,"Lord, make me an instrument of thy peace. Where there is hatred, let me sow love. - Francis of Assisi","St Augustine, FL",1234576530715664385,Mon Mar 02 20:29:30 +0000 2020,False,False,,0,101,False,,430,True,Mark D. Gallagher,,HotelCally,False,F5F8FA,http://pbs.twimg.com/profile_images/1329129304891006977/zmNOXB9U_normal.jpg,,1349054324773629956,0,False,"<a href=""http://twitter.com/download/iphone"" rel=""nofollow"">Twitter for iPhone</a>",False,0
RT @BillGates: Itâ€™s great to see Indiaâ€™s leadership in scientific innovation and vaccine manufacturing capability as the world works to endâ€¦,Tue Jan 12 18:02:24 +0000 2021,,en,,,509,150,"I'm from Uganda (East Africa),
I want to be an action movie star.",Uganda,1334541043619028998,Thu Dec 03 16:53:32 +0000 2020,False,False,,0,6,False,,19,True,Mugabi Gabriel,,GabrielMugabi,False,F5F8FA,http://pbs.twimg.com/profile_images/1341797037516464134/gctcDuj9_normal.jpg,,1349054134553612292,0,False,"<a href=""http://twitter.com/download/android"" rel=""nofollow"">Twitter for Android</a>",False,20595
@_LiLMod @zllev_ @GhqstRAF @ASMRJanina @TwitterDE @Cristiano @neymarjr @elonmusk @DonaldJTrumpJr @BillGatesâ€¦ https://t.co/PJ6HZuBlzC,Tue Jan 12 18:01:26 +0000 2021,,de,,,8085,1970,19| R6S Player& IGL for @AresGamingDE | ğŸ‡©ğŸ‡ªğŸ‡«ğŸ‡·ğŸ‡¬ğŸ‡§,"Wien, Ã–sterreich",792363531073093635,Sat Oct 29 13:52:42 +0000 2016,False,False,,0,294,False,,155,True,TaminoğŸ‡¦ğŸ‡¹,,SilverbackARES,False,F5F8FA,http://pbs.twimg.com/profile_images/1345109988138741761/Ig90BcSz_normal.jpg,,1349053891837632514,1,False,"<a href=""http://twitter.com/download/iphone"" rel=""nofollow"">Twitter for iPhone</a>",False,0
RT @pjchatfield: @stephanie_murr @SpeakerPelosi @SenSchumer @tedlieu @AOC @Ilhan @MtnMD @TedraCobb @NY21CTA @schaff_sara @BillGates @melindâ€¦,Tue Jan 12 18:01:24 +0000 2021,,en,,,88452,77084,DESPISE the Monster in the WHITE HOUSE!ğŸ‘¹ DUMP TRUMP! We need to rid ourselves of this ongoing Corruption!  ğŸŒŠğŸŒŠğŸŒŠ  Love Bruno MarsğŸ’–  #Blessedâœ¨ğŸŒŸ, Massachusetts....  ,881652843295498242,Sun Jul 02 23:16:32 +0000 2017,False,False,,2,1194,False,,1296,True,Immigrant 63Mars,,63Immigrant,False,F5F8FA,http://pbs.twimg.com/profile_images/1319726390724395008/bstI2At4_normal.jpg,,1349053881414807554,0,False,"<a href=""https://mobile.twitter.com"" rel=""nofollow"">Twitter Web App</a>",False,6
Most powerful SECURITY SYSTEM ever seenğŸ‘on @Honda ğŸ›µscooter @japan @MIT_alumni @washingtonpost @BBC @CNN @wadhwaâ€¦ https://t.co/UjKcmoxlBB,Tue Jan 12 18:00:32 +0000 2021,,en,,,164,7424,ÉªÉ´á´ á´‡É´á´›á´‡á´…â¸GAME CHANGERSâ˜¯Akin to wheels put to a suitcase for theğŸ‘†timeğŸ‘1of them has a ğ•½ğ–Šğ–†ğ–‰ğ– Î²ğ“²ï¼§á¶Ñ”ï½’ğ•¸ğ–†ğ–—ğ–ğ–Šğ–™ ğ–™ğ–ğ–†ğ–“ ğ“²â“…Ä¦ğ• â“ƒÎ­'ğ“ˆğŸ“±USâ“ŸPatents filed forâ·,"Franklin, WI",206852273,Sat Oct 23 22:00:40 +0000 2010,False,False,https://t.co/U8Qr6LG73X,10,153,False,,36,False,Îœağ¥Î¸j Î¤â‚¬Ï‰ğ”ğ”¯ğ”¦ğŸ–ŠÄ©ÄœÅ—Å‘ÅµÄˆÄÅÄ¥ğŸ’°ğŸ“±4149499384ğŸ˜·,,iGrowCash,True,0099B9,http://pbs.twimg.com/profile_images/1262439327872753664/2pJe42er_normal.jpg,,1349053663092891651,0,False,"<a href=""http://twitter.com/download/iphone"" rel=""nofollow"">Twitter for iPhone</a>",False,0
@Annacarolin18 @BillGates comenta,Tue Jan 12 17:59:13 +0000 2021,,pt,,,108390,18337,ped- UERJ,,3084625853,Tue Mar 10 18:46:18 +0000 2015,False,False,https://t.co/DH8Fq7X2uu,0,478,False,,761,True,Blay,,Blaylucas1,False,C0DEED,http://pbs.twimg.com/profile_images/1332869976022261760/Ti2vOIo7_normal.jpg,,1349053332837572609,0,False,"<a href=""http://twitter.com/download/android"" rel=""nofollow"">Twitter for Android</a>",False,0
Can @BillGates @Rich_Barton @elonmusk @techreview @JeffBezos @carlquintanilla @jpmorgan @WellsFargoâ€¦ https://t.co/OL37z0R2Vr,Tue Jan 12 17:58:12 +0000 2021,,en,,,59,54,"20yrs Bering Sea Kingcrab/Pollock , NOAA chief engineer west coast stock assessment, Bering sea Salmon, Cod ground fish Captain Pelagic Surf Charters Indonesia",Earth ,1347502057536761856,Fri Jan 08 11:15:20 +0000 2021,False,False,,0,3,False,,66,True,mike,,mike77812351,False,F5F8FA,http://pbs.twimg.com/profile_images/1348231699646328832/V1pJkhP0_normal.jpg,,1349053075336605699,0,False,"<a href=""http://twitter.com/download/iphone"" rel=""nofollow"">Twitter for iPhone</a>",False,0
RT @pjchatfield: @stephanie_murr @SpeakerPelosi @SenSchumer @tedlieu @AOC @Ilhan @MtnMD @TedraCobb @NY21CTA @schaff_sara @BillGates @melindâ€¦,Tue Jan 12 17:57:24 +0000 2021,,en,,,417684,97762,"Ridin' w/Biden, https://t.co/dCcfQSURdl, Lists: Top 100 Twitter Accnts-HC Profs, Top 25 MDs Top 5% social media overall.",United States,17194090,Wed Nov 05 18:16:58 +0000 2008,False,False,https://t.co/dCcfQSURdl,1523,86637,False,,61557,False,K. Sennholz MD,,MtnMD,False,352726,http://pbs.twimg.com/profile_images/1287544133964296194/C4xAglH9_normal.jpg,,1349052876983685120,0,False,"<a href=""https://mobile.twitter.com"" rel=""nofollow"">Twitter Web App</a>",False,6
"@BillGates I hear you supported @RepStefanik . She is now actively destabilising our democracy, making the United Sâ€¦ https://t.co/eRkepN7T4p",Tue Jan 12 17:56:53 +0000 2021,,en,,,32063,11876,,,824105064801402881,Wed Jan 25 04:02:13 +0000 2017,False,False,,0,126,False,,648,True,X,,Boltonvillista,False,F5F8FA,http://pbs.twimg.com/profile_images/918640937441652736/uRSHzw-L_normal.jpg,,1349052746784235520,0,False,"<a href=""https://mobile.twitter.com"" rel=""nofollow"">Twitter Web App</a>",False,0
@lastmilehealth @BillGates https://t.co/sAB1XNAaOL,Tue Jan 12 17:54:37 +0000 2021,,und,,,642,493,,,1326651578674188288,Wed Nov 11 22:23:00 +0000 2020,False,False,,0,78,False,,394,True,AP KENNEL,,ApKennel,False,F5F8FA,http://pbs.twimg.com/profile_images/1326652104778321921/LPJi3Ld-_normal.jpg,,1349052174769270788,0,False,"<a href=""http://twitter.com/download/android"" rel=""nofollow"">Twitter for Android</a>",False,0
RT @JonesInfowars: @TomCrui99853608 @POTUS @EricTrump @IvankaTrump @DonaldJTrumpJr @FLOTUS @marcorubio @jaredkushner @JoeBiden @KremlinRussâ€¦,Tue Jan 12 17:53:09 +0000 2021,,en,,,8,37,,,1346811623894179840,Wed Jan 06 13:31:41 +0000 2021,False,False,https://t.co/2wL2hEpCgI,0,8,False,,2,True,Alex Jones - Infowars.com,,JonesInfowars,False,F5F8FA,http://pbs.twimg.com/profile_images/1346812240393957381/nuv_OuoH_normal.jpg,,1349051805473198080,0,False,"<a href=""https://mobile.twitter.com"" rel=""nofollow"">Twitter Web App</a>",False,2
RT @JonesInfowars: @TomCrui99853608 @POTUS @EricTrump @IvankaTrump @DonaldJTrumpJr @FLOTUS @marcorubio @jaredkushner @JoeBiden @KremlinRussâ€¦,Tue Jan 12 17:49:06 +0000 2021,,en,,,641,1661,,U.S.S.R,1191712207085670400,Tue Nov 05 13:41:56 +0000 2019,False,False,,0,36,False,,8,True,Vladmir Putin,,putinRF_eng2020,False,F5F8FA,http://pbs.twimg.com/profile_images/1346812745480511491/0-KWs0Y-_normal.jpg,,1349050788589432832,0,False,"<a href=""https://mobile.twitter.com"" rel=""nofollow"">Twitter Web App</a>",False,2
@VidhiLikhitDESI @BJP4lndia @narendramodi @PMOIndia @republic @DrPramodPSawant @goacm @shripadynaik @oheraldogoaâ€¦ https://t.co/lWeDCBT8kY,Tue Jan 12 17:47:26 +0000 2021,,en,,,16,962,Engineer,,1245620551269285888,Thu Apr 02 07:55:00 +0000 2020,False,False,,0,6,True,,111,True,Charlottejass,,Charlottejass1,False,F5F8FA,http://abs.twimg.com/sticky/default_profile_images/default_profile_normal.png,,1349050367191863298,0,False,"<a href=""http://twitter.com/download/android"" rel=""nofollow"">Twitter for Android</a>",False,0
"While couch surfing today, watching humans cannibalizes each other around the globe. I wonder how Technology theoloâ€¦ https://t.co/jT9eVeOvC6",Tue Jan 12 17:46:22 +0000 2021,,en,,,59,54,"20yrs Bering Sea Kingcrab/Pollock , NOAA chief engineer west coast stock assessment, Bering sea Salmon, Cod ground fish Captain Pelagic Surf Charters Indonesia",Earth ,1347502057536761856,Fri Jan 08 11:15:20 +0000 2021,False,False,,0,3,False,,66,True,mike,,mike77812351,False,F5F8FA,http://pbs.twimg.com/profile_images/1348231699646328832/V1pJkhP0_normal.jpg,,1349050099209547784,0,False,"<a href=""http://twitter.com/download/iphone"" rel=""nofollow"">Twitter for iPhone</a>",False,0
@TomCrui99853608 @POTUS @EricTrump @IvankaTrump @DonaldJTrumpJr @FLOTUS @marcorubio @jaredkushner @JoeBidenâ€¦ https://t.co/8MhOI7KW8n,Tue Jan 12 17:46:21 +0000 2021,,en,,,8,37,,,1346811623894179840,Wed Jan 06 13:31:41 +0000 2021,False,False,https://t.co/2wL2hEpCgI,0,8,False,,2,True,Alex Jones - Infowars.com,,JonesInfowars,False,F5F8FA,http://pbs.twimg.com/profile_images/1346812240393957381/nuv_OuoH_normal.jpg,,1349050095015137280,1,False,"<a href=""https://mobile.twitter.com"" rel=""nofollow"">Twitter Web App</a>",False,2
"WE WANT JUSTICE FOR JACK MA.
#WeWantJusticeForJackMa 
@elonmusk  @JoeBiden @DonaldJTrumpJr  @JeffBezos @BillGates",Tue Jan 12 17:46:11 +0000 2021,,en,,,167,30,WORKING FOR SUCCESS.,"Dhaka, Bangladesh",1255521966091632643,Wed Apr 29 15:39:17 +0000 2020,False,False,https://t.co/CrWzUPOvpm,0,8,False,,13,True,AL-TÃ†RÃF,,altarif_o,False,F5F8FA,http://pbs.twimg.com/profile_images/1255522441671127045/M4OWd3R__normal.jpg,,1349050052145246210,0,False,"<a href=""http://twitter.com/download/android"" rel=""nofollow"">Twitter for Android</a>",False,0
"@RealMandizvidza @SibandaSibbs @BillGates @lilomatic bambo do the right thing, deal with your vaccine, why so fussyâ€¦ https://t.co/ZH1l7TwEMW",Tue Jan 12 17:46:08 +0000 2021,,en,,,6737,7023,Ahoy King,,1318634977664315393,Tue Oct 20 19:27:42 +0000 2020,False,False,,0,202,False,,186,True,King Nyisist â¤ï¸â¤ï¸ğŸ’–ğŸ’•â¤ï¸MakuNyiwe,,Nyisist1,False,F5F8FA,http://pbs.twimg.com/profile_images/1319648534350659590/FC4jymUc_normal.jpg,,1349050041336528908,0,False,"<a href=""http://twitter.com/download/android"" rel=""nofollow"">Twitter for Android</a>",False,0
"Agree! What are we going to do about it??? Itâ€™s time to support, encourage, lift up, &amp; CELEBRATE teachers now moreâ€¦ https://t.co/oQkxztxPIU",Tue Jan 12 17:46:07 +0000 2021,,en,"{'id': '2526edd24c06e60c', 'url': 'https://api.twitter.com/1.1/geo/id/2526edd24c06e60c.json', 'place_type': 'admin', 'name': 'Missouri', 'full_name': 'Missouri, USA', 'country_code': 'US', 'country': 'United States', 'contained_within': [], 'bounding_box': {'type': 'Polygon', 'coordinates': [[[-95.774704, 35.995476], [-89.098843, 35.995476], [-89.098843, 40.613641], [-95.774704, 40.613641]]]}, 'attributes': {}}",,22686,23727,"Passionate & Unconventional Turnaround Principal! Author, Coach, Speaker, Consultant, rule breaker! @womenruckus. #WomenWhoCauseARuckus #WWCAR","Cape Girardeau, MO",458886657,Mon Jan 09 02:00:16 +0000 2012,False,False,https://t.co/T626oIuvCb,156,2954,False,,1738,True,ğŸ’Leigh RagsdaleğŸ’,,leighmragsdale,True,C0DEED,http://pbs.twimg.com/profile_images/1097582652482355203/S5zuMYLP_normal.jpg,,1349050038379491334,2,False,"<a href=""http://twitter.com/download/iphone"" rel=""nofollow"">Twitter for iPhone</a>",False,0
@richardursomd @drscott_atlanta @BillGates want to get rid of vitamin d,Tue Jan 12 17:45:02 +0000 2021,,en,,,3604,25356,Producer | Vocalist,"Mpumalanga,Nelspruit",987987422,Tue Dec 04 04:03:13 +0000 2012,False,False,https://t.co/zvF9BtMaGh,0,196,False,,221,True,#IamnotAnti-vaxxerJustIWon'tTakeARushedVaccine,,Shawntymusicah,False,C0DEED,http://pbs.twimg.com/profile_images/1291294320365129728/HjVPyMme_normal.jpg,,1349049763853955073,0,False,"<a href=""http://twitter.com/download/android"" rel=""nofollow"">Twitter for Android</a>",False,0
"RT @DrCeSarcoma: Pues ya me ha puesto @BillGates su microchip ğŸ˜‚

ğŸ’‰Al fin empieza a soplar el viento a favor

#YoMeVacuno
#JoEmVacuno
#JoMeVâ€¦",Tue Jan 12 17:43:26 +0000 2021,,es,,,8509,25456,"Somos una sociedad cientÃ­fica, referente en cÃ¡ncer. Nuestra misiÃ³n: mejorar la prevenciÃ³n, el diagnÃ³stico, el tratamiento y el seguimiento del cÃ¡ncer.",EspaÃ±a,555051765,Mon Apr 16 08:38:44 +0000 2012,True,False,https://t.co/fcsdmKvwOm,503,27193,False,,1901,False,SEOM,,_SEOM,True,99C6C9,http://pbs.twimg.com/profile_images/930406353918660609/3rLmhU9I_normal.jpg,,1349049362635231232,0,False,"<a href=""http://twitter.com/download/android"" rel=""nofollow"">Twitter for Android</a>",False,4
@zllev_ @SilverbackARES @GhqstRAF @ASMRJanina @TwitterDE @Cristiano @neymarjr @elonmusk @DonaldJTrumpJr @BillGatesâ€¦ https://t.co/tznbZ8MpNu,Tue Jan 12 17:43:13 +0000 2021,,und,,,294,264,@QuatratKopf ğŸš@zllev_ğŸš,Niedersachsen,1346820543811641345,Wed Jan 06 14:07:04 +0000 2021,False,False,,0,45,False,,72,True,Sam.,,_LiLMod,False,F5F8FA,http://pbs.twimg.com/profile_images/1347951263447658498/OSw9gDz2_normal.jpg,,1349049307421437954,0,False,"<a href=""http://twitter.com/download/iphone"" rel=""nofollow"">Twitter for iPhone</a>",False,0
@SilverbackARES @_LiLMod @GhqstRAF @ASMRJanina @TwitterDE @Cristiano @neymarjr @elonmusk @DonaldJTrumpJr @BillGatesâ€¦ https://t.co/Uli5zhmjGK,Tue Jan 12 17:42:23 +0000 2021,,de,,,309,1021,ybz @QuatratKopf & @_Lilmod ğŸš,,1243252005948329989,Thu Mar 26 19:02:42 +0000 2020,False,False,,0,95,False,,84,True,zllev,,zllev_,False,F5F8FA,http://pbs.twimg.com/profile_images/1344066566569271302/YGgDC8UT_normal.jpg,,1349049096145956865,0,False,"<a href=""http://twitter.com/download/iphone"" rel=""nofollow"">Twitter for iPhone</a>",False,0
@SilverbackARES @zllev_ @GhqstRAF @ASMRJanina @TwitterDE @Cristiano @neymarjr @elonmusk @DonaldJTrumpJr @BillGatesâ€¦ https://t.co/rmbP6amJcx,Tue Jan 12 17:41:43 +0000 2021,,und,,,294,264,@QuatratKopf ğŸš@zllev_ğŸš,Niedersachsen,1346820543811641345,Wed Jan 06 14:07:04 +0000 2021,False,False,,0,45,False,,72,True,Sam.,,_LiLMod,False,F5F8FA,http://pbs.twimg.com/profile_images/1347951263447658498/OSw9gDz2_normal.jpg,,1349048928260513792,0,False,"<a href=""http://twitter.com/download/iphone"" rel=""nofollow"">Twitter for iPhone</a>",False,0
@zllev_ @_LiLMod @GhqstRAF @ASMRJanina @TwitterDE @Cristiano @neymarjr @elonmusk @DonaldJTrumpJr @BillGatesâ€¦ https://t.co/hUHPdSGDf6,Tue Jan 12 17:41:25 +0000 2021,,de,,,8085,1970,19| R6S Player& IGL for @AresGamingDE | ğŸ‡©ğŸ‡ªğŸ‡«ğŸ‡·ğŸ‡¬ğŸ‡§,"Wien, Ã–sterreich",792363531073093635,Sat Oct 29 13:52:42 +0000 2016,False,False,,0,294,False,,155,True,TaminoğŸ‡¦ğŸ‡¹,,SilverbackARES,False,F5F8FA,http://pbs.twimg.com/profile_images/1345109988138741761/Ig90BcSz_normal.jpg,,1349048853450944513,0,False,"<a href=""http://twitter.com/download/iphone"" rel=""nofollow"">Twitter for iPhone</a>",False,0
@_LiLMod @GhqstRAF @ASMRJanina @TwitterDE @Cristiano @neymarjr @elonmusk @DonaldJTrumpJr @BillGates @BarackObamaâ€¦ https://t.co/feZpeJ2lnI,Tue Jan 12 17:40:58 +0000 2021,,de,,,309,1021,ybz @QuatratKopf & @_Lilmod ğŸš,,1243252005948329989,Thu Mar 26 19:02:42 +0000 2020,False,False,,0,95,False,,84,True,zllev,,zllev_,False,F5F8FA,http://pbs.twimg.com/profile_images/1344066566569271302/YGgDC8UT_normal.jpg,,1349048739013545986,0,False,"<a href=""http://twitter.com/download/iphone"" rel=""nofollow"">Twitter for iPhone</a>",False,0
@BillGates stop scheming and plotting on ways of wiping out Africans,Tue Jan 12 17:40:56 +0000 2021,,en,,,2651,1440,"ğŸ‡¿ğŸ‡¼ Believe in God, believe in yourself,",Zimbabwe,434971465,Mon Dec 12 14:48:07 +0000 2011,False,False,,0,1052,False,,989,False,Takudzwa Marikopo Christopher,,MarikopoApex,True,131516,http://pbs.twimg.com/profile_images/1348507609419145216/LqOU-4qi_normal.jpg,,1349048730406805504,0,False,"<a href=""http://twitter.com/download/android"" rel=""nofollow"">Twitter for Android</a>",False,0
@zllev_ @_LiLMod @GhqstRAF @ASMRJanina @TwitterDE @Cristiano @neymarjr @elonmusk @DonaldJTrumpJr @BillGatesâ€¦ https://t.co/8RtVtLGieB,Tue Jan 12 17:39:55 +0000 2021,,de,,,906,1325,,,1180625813600919552,Sat Oct 05 23:28:40 +0000 2019,False,False,,0,127,False,,113,True,Furkan,,furkan2023_,False,F5F8FA,http://pbs.twimg.com/profile_images/1299835243063635973/is-wRxyb_normal.jpg,,1349048477234454531,0,False,"<a href=""http://twitter.com/download/android"" rel=""nofollow"">Twitter for Android</a>",False,0
@Nyisist1 @SibandaSibbs @BillGates @lilomatic No one is gonna force to take the vaccine do why  chill but off causeâ€¦ https://t.co/Yr3ByVnld0,Tue Jan 12 17:39:54 +0000 2021,,en,,,678,606,"Nothing beats the best of a
Village Boy|Realistic|",Zimbabwe,979284297801707520,Thu Mar 29 09:09:05 +0000 2018,False,False,,0,133,False,,503,True,Mukanya WeMbire,,RealMandizvidza,False,F5F8FA,http://pbs.twimg.com/profile_images/1285479100778414081/OcSx-SEr_normal.jpg,,1349048473707032576,0,False,"<a href=""http://twitter.com/download/android"" rel=""nofollow"">Twitter for Android</a>",False,0
@SilverbackARES @zllev_ @GhqstRAF @ASMRJanina @TwitterDE @Cristiano @neymarjr @elonmusk @DonaldJTrumpJr @BillGatesâ€¦ https://t.co/luBMjUoByc,Tue Jan 12 17:39:54 +0000 2021,,und,,,294,264,@QuatratKopf ğŸš@zllev_ğŸš,Niedersachsen,1346820543811641345,Wed Jan 06 14:07:04 +0000 2021,False,False,,0,45,False,,72,True,Sam.,,_LiLMod,False,F5F8FA,http://pbs.twimg.com/profile_images/1347951263447658498/OSw9gDz2_normal.jpg,,1349048472478117892,0,False,"<a href=""http://twitter.com/download/iphone"" rel=""nofollow"">Twitter for iPhone</a>",False,0
"@BillGates I understand that you have initiated ADDI, Alzheimers Disease Data Initiative. I would like to offer myâ€¦ https://t.co/dO3igcWkuT",Tue Jan 12 17:39:39 +0000 2021,,en,,,1571,53101,,,456692341,Fri Jan 06 15:02:30 +0000 2012,False,False,,68,1632,False,,4279,True,Michael McDermott,,McDermottMike1,False,C0DEED,http://pbs.twimg.com/profile_images/2585998724/DIhH537k_normal,,1349048409122955265,0,False,"<a href=""http://twitter.com/download/iphone"" rel=""nofollow"">Twitter for iPhone</a>",False,0
@zllev_ @GhqstRAF @ASMRJanina @TwitterDE @Cristiano @neymarjr @elonmusk @DonaldJTrumpJr @BillGates @BarackObamaâ€¦ https://t.co/XxLIK1Xhmw,Tue Jan 12 17:39:32 +0000 2021,,de,,,294,264,@QuatratKopf ğŸš@zllev_ğŸš,Niedersachsen,1346820543811641345,Wed Jan 06 14:07:04 +0000 2021,False,False,,0,45,False,,72,True,Sam.,,_LiLMod,False,F5F8FA,http://pbs.twimg.com/profile_images/1347951263447658498/OSw9gDz2_normal.jpg,,1349048378487959553,0,False,"<a href=""http://twitter.com/download/iphone"" rel=""nofollow"">Twitter for iPhone</a>",False,0
@zllev_ @_LiLMod @GhqstRAF @ASMRJanina @TwitterDE @Cristiano @neymarjr @elonmusk @DonaldJTrumpJr @BillGatesâ€¦ https://t.co/74ZN2PSaB6,Tue Jan 12 17:39:14 +0000 2021,,de,,,8085,1970,19| R6S Player& IGL for @AresGamingDE | ğŸ‡©ğŸ‡ªğŸ‡«ğŸ‡·ğŸ‡¬ğŸ‡§,"Wien, Ã–sterreich",792363531073093635,Sat Oct 29 13:52:42 +0000 2016,False,False,,0,294,False,,155,True,TaminoğŸ‡¦ğŸ‡¹,,SilverbackARES,False,F5F8FA,http://pbs.twimg.com/profile_images/1345109988138741761/Ig90BcSz_normal.jpg,,1349048304945008640,0,False,"<a href=""http://twitter.com/download/iphone"" rel=""nofollow"">Twitter for iPhone</a>",False,0
"RT @adarpoonawalla: Thank you Hon. Sri @narendramodi Ji, Hon. Sri @drharshvardhan Ji, @MoHFW_INDIA @ICMRDELHI @DBTIndia #DCGI_India @UniofOâ€¦",Tue Jan 12 17:39:05 +0000 2021,,en,,,28216,10133,"ğŸ¬ Film Editor ğŸ¬             
                                                      Nationalistà¥¤à¥¤ Proud HINDUstani à¥¤à¥¤ JAIHINDğŸ‡®ğŸ‡³ à¥¤à¥¤  à¤œà¤¯ à¤¸à¤¿à¤¯à¤¾à¤°à¤¾à¤® ğŸ™à¥¤à¥¤","Mumbai, Bihar, Bharat",3939048976,Mon Oct 12 17:25:43 +0000 2015,False,False,https://t.co/RLonhUxCHg,0,1364,False,,1339,True,Shashi Kumar,,The_shashi_,True,C0DEED,http://pbs.twimg.com/profile_images/1318797163653070850/Udhw6E_s_normal.jpg,,1349048268349726726,0,False,"<a href=""http://twitter.com/download/android"" rel=""nofollow"">Twitter for Android</a>",False,497
Please retweet until President @PresidencyZA @CyrilRamaphosa @DrZweliMkhize @BillGates @MbalulaFikile @KhuselaS https://t.co/RaWXASSypq,Tue Jan 12 17:38:37 +0000 2021,,en,,,290,282,am a person of honourable integrity,"Dutywa, South Africa",1124633483815653377,Sat May 04 11:14:51 +0000 2019,False,False,,0,1102,False,,3423,True,President,,PMboneli,True,F5F8FA,http://pbs.twimg.com/profile_images/1244763649241239553/1Invzsg2_normal.jpg,,1349048147620876290,1,False,"<a href=""http://twitter.com/download/android"" rel=""nofollow"">Twitter for Android</a>",False,0
@_LiLMod @GhqstRAF @ASMRJanina @TwitterDE @Cristiano @neymarjr @elonmusk @DonaldJTrumpJr @BillGates @BarackObamaâ€¦ https://t.co/HKL07Mp1Pq,Tue Jan 12 17:38:21 +0000 2021,,de,,,309,1021,ybz @QuatratKopf & @_Lilmod ğŸš,,1243252005948329989,Thu Mar 26 19:02:42 +0000 2020,False,False,,0,95,False,,84,True,zllev,,zllev_,False,F5F8FA,http://pbs.twimg.com/profile_images/1344066566569271302/YGgDC8UT_normal.jpg,,1349048083624189957,0,False,"<a href=""http://twitter.com/download/iphone"" rel=""nofollow"">Twitter for iPhone</a>",False,0
@zllev_ @GhqstRAF @ASMRJanina @TwitterDE @Cristiano @neymarjr @elonmusk @DonaldJTrumpJr @BillGates @BarackObamaâ€¦ https://t.co/hiYNiBteZG,Tue Jan 12 17:38:00 +0000 2021,,de,,,294,264,@QuatratKopf ğŸš@zllev_ğŸš,Niedersachsen,1346820543811641345,Wed Jan 06 14:07:04 +0000 2021,False,False,,0,45,False,,72,True,Sam.,,_LiLMod,False,F5F8FA,http://pbs.twimg.com/profile_images/1347951263447658498/OSw9gDz2_normal.jpg,,1349047994532966400,0,False,"<a href=""http://twitter.com/download/iphone"" rel=""nofollow"">Twitter for iPhone</a>",False,0
@Abramjee @ProfAbdoolKarim @COVID_19_ZA @DrZweliMkhize @SAHPRA1 Why doesnâ€™t he look into the positive studies thatâ€™â€¦ https://t.co/MJmW39usKp,Tue Jan 12 17:37:13 +0000 2021,,en,,,95132,33966,"â€œWhen you tear out a man's tongue, you are not proving him a liar, you're only telling the world that you fear what he might say.â€","Johannesburg, South Africa",305245773,Wed May 25 21:57:42 +0000 2011,False,False,,3,864,False,,506,False,FiebiePupâ³ğŸ‡¿ğŸ‡¦,,fiebiePup,True,000000,http://pbs.twimg.com/profile_images/959514522825429002/BjBWqNYN_normal.jpg,,1349047796104572928,3,False,"<a href=""http://twitter.com/download/iphone"" rel=""nofollow"">Twitter for iPhone</a>",False,0
@_LiLMod @GhqstRAF @ASMRJanina @TwitterDE @Cristiano @neymarjr @elonmusk @DonaldJTrumpJr @BillGates @BarackObamaâ€¦ https://t.co/Koc8JaMyFx,Tue Jan 12 17:37:11 +0000 2021,,de,,,309,1021,ybz @QuatratKopf & @_Lilmod ğŸš,,1243252005948329989,Thu Mar 26 19:02:42 +0000 2020,False,False,,0,95,False,,84,True,zllev,,zllev_,False,F5F8FA,http://pbs.twimg.com/profile_images/1344066566569271302/YGgDC8UT_normal.jpg,,1349047786348670976,0,False,"<a href=""http://twitter.com/download/iphone"" rel=""nofollow"">Twitter for iPhone</a>",False,0
@zllev_ @GhqstRAF @ASMRJanina @TwitterDE @Cristiano @neymarjr @elonmusk @DonaldJTrumpJr @BillGates @BarackObamaâ€¦ https://t.co/ckbDjOrRZq,Tue Jan 12 17:36:45 +0000 2021,,de,,,294,264,@QuatratKopf ğŸš@zllev_ğŸš,Niedersachsen,1346820543811641345,Wed Jan 06 14:07:04 +0000 2021,False,False,,0,45,False,,72,True,Sam.,,_LiLMod,False,F5F8FA,http://pbs.twimg.com/profile_images/1347951263447658498/OSw9gDz2_normal.jpg,,1349047678727036928,0,False,"<a href=""http://twitter.com/download/iphone"" rel=""nofollow"">Twitter for iPhone</a>",False,0
These breakthroughs will make 2021 better than 2020 | â¦â¦@BillGatesâ©  https://t.co/4zUXuoBxiZ,Tue Jan 12 17:36:13 +0000 2021,,en,,,63,1994,,,519942718,Sat Mar 10 00:14:06 +0000 2012,False,False,,2,207,False,,1365,False,tp,,tpyinka,False,000000,http://pbs.twimg.com/profile_images/1884907052/_Deen_normal.jpg,,1349047543204818945,0,False,"<a href=""http://twitter.com/download/iphone"" rel=""nofollow"">Twitter for iPhone</a>",False,0
@BillGates this is not true right? https://t.co/TmdNQ7xR3f,Tue Jan 12 17:36:04 +0000 2021,,en,,,11,17,New here. Whoâ€™ll show me around?,in your worst nightmare ğŸ˜œ,1347315241181458433,Thu Jan 07 22:53:00 +0000 2021,False,False,,0,5,False,,41,True,Bassey Inyene,,iBasseyInyene,False,F5F8FA,http://pbs.twimg.com/profile_images/1347319984549195776/dGYLtsvw_normal.jpg,,1349047508845129729,1,False,"<a href=""http://twitter.com/download/android"" rel=""nofollow"">Twitter for Android</a>",False,0
@Indianandabori1 @HKrassenstein @realDonaldTrump @nytimes @FoxNews @MohamedBinZayed @jokowi @mohmahfudmd @RTErdoganâ€¦ https://t.co/bLKkstF8iY,Tue Jan 12 17:36:01 +0000 2021,,und,,,1,2153,....,,1341655590704058373,Wed Dec 23 08:03:42 +0000 2020,False,False,,0,0,True,,1,True,Amirulandmama,,amirulandmama,False,F5F8FA,http://abs.twimg.com/sticky/default_profile_images/default_profile_normal.png,,1349047494534074368,0,False,"<a href=""https://mobile.twitter.com"" rel=""nofollow"">Twitter Web App</a>",False,0
@detikcom @detikinet @elonmusk is it true? You don't know how to spend some of your wealth for charity? Well if thaâ€¦ https://t.co/ub36NVTiXi,Tue Jan 12 17:35:58 +0000 2021,,en,,,1,5,nothing to write here...,Indonesia,1348389604542484481,Sun Jan 10 22:01:55 +0000 2021,False,False,,0,0,False,,24,True,MercifulServant,,ymxina77,False,F5F8FA,http://pbs.twimg.com/profile_images/1348390442589540352/5Qcyyxq4_normal.jpg,,1349047482718638081,0,False,"<a href=""http://twitter.com/download/android"" rel=""nofollow"">Twitter for Android</a>",False,0
@_LiLMod @GhqstRAF @ASMRJanina @TwitterDE @Cristiano @neymarjr @elonmusk @DonaldJTrumpJr @BillGates @BarackObamaâ€¦ https://t.co/ndRkSBDI0B,Tue Jan 12 17:35:16 +0000 2021,,de,,,309,1021,ybz @QuatratKopf & @_Lilmod ğŸš,,1243252005948329989,Thu Mar 26 19:02:42 +0000 2020,False,False,,0,95,False,,84,True,zllev,,zllev_,False,F5F8FA,http://pbs.twimg.com/profile_images/1344066566569271302/YGgDC8UT_normal.jpg,,1349047304175673348,0,False,"<a href=""http://twitter.com/download/iphone"" rel=""nofollow"">Twitter for iPhone</a>",False,0
@RealMandizvidza @SibandaSibbs @BillGates depopulating science.... where is proof vaccines help in fight against coâ€¦ https://t.co/c7mquH9sRj,Tue Jan 12 17:35:05 +0000 2021,,en,,,6737,7023,Ahoy King,,1318634977664315393,Tue Oct 20 19:27:42 +0000 2020,False,False,,0,202,False,,186,True,King Nyisist â¤ï¸â¤ï¸ğŸ’–ğŸ’•â¤ï¸MakuNyiwe,,Nyisist1,False,F5F8FA,http://pbs.twimg.com/profile_images/1319648534350659590/FC4jymUc_normal.jpg,,1349047258524905477,0,False,"<a href=""http://twitter.com/download/android"" rel=""nofollow"">Twitter for Android</a>",False,0
@zllev_ @GhqstRAF @ASMRJanina @TwitterDE @Cristiano @neymarjr @elonmusk @DonaldJTrumpJr @BillGates @BarackObamaâ€¦ https://t.co/ntlk7GA9PD,Tue Jan 12 17:33:51 +0000 2021,,de,,,294,264,@QuatratKopf ğŸš@zllev_ğŸš,Niedersachsen,1346820543811641345,Wed Jan 06 14:07:04 +0000 2021,False,False,,0,45,False,,72,True,Sam.,,_LiLMod,False,F5F8FA,http://pbs.twimg.com/profile_images/1347951263447658498/OSw9gDz2_normal.jpg,,1349046949463392257,0,False,"<a href=""http://twitter.com/download/iphone"" rel=""nofollow"">Twitter for iPhone</a>",False,0
"@JudyMurray I bet @andy_murray is happy with @billgates (Well, when I say 'happy' I mean a wry smile) - Microsoft wâ€¦ https://t.co/jM86OcyzFS",Tue Jan 12 17:33:47 +0000 2021,,en,,,0,311,"Animal lover, Environmentalist, Trans activist.

I have Asperger's & dyslexia.

MSc Sociology.

Penchant for philosophy & netty.

Preferred pronouns: They/Them.",ğŸŒâœˆï¸,1337129748733054978,Thu Dec 10 20:19:33 +0000 2020,False,False,,0,0,True,,2,True,Jamie Jones ğŸ³ï¸â€âš§ï¸,,JJFromDaBl0ck,False,F5F8FA,http://abs.twimg.com/sticky/default_profile_images/default_profile_normal.png,,1349046932623257606,0,False,"<a href=""https://mobile.twitter.com"" rel=""nofollow"">Twitter Web App</a>",False,0
RT @b0yle: Outspoken climate scientist @MichaelEMann dishes out some pointed advice for @BillGates and @JeffBezos: https://t.co/SPpO1hiMYOâ€¦,Tue Jan 12 17:33:20 +0000 2021,,en,,,63719,27687,"I follow mostly space exploration, electric cars, hyperloop, energy decarbonisation and climate change.","WrocÅ‚aw, Polska",2879340982,Sun Nov 16 08:53:57 +0000 2014,False,False,,35,144,False,,118,True,RafaÅ‚ ZajÄ…c,,ZajacRafal,False,C0DEED,http://pbs.twimg.com/profile_images/1160954642777477120/xMkY9Vd__normal.jpg,,1349046817636425729,0,False,"<a href=""http://twitter.com/download/android"" rel=""nofollow"">Twitter for Android</a>",False,5
@Apple @BillGates #BigTech #MarkZuckerberg #FaceBook @AgustinLaje @MamelaFialloFlo @Google @Microsoft @CNN @FoxNews https://t.co/dwMphS4uka,Tue Jan 12 17:32:38 +0000 2021,,und,,,681,271,,,314234239,Thu Jun 09 22:49:27 +0000 2011,False,False,,0,114,False,,268,False,Andrea Pulido,,Apulidoo,True,131516,http://pbs.twimg.com/profile_images/2705051327/af1abd57ec20efd9456680bdbacd3ab3_normal.jpeg,,1349046643623157765,0,False,"<a href=""http://twitter.com/download/android"" rel=""nofollow"">Twitter for Android</a>",False,0
hahahağŸ¤£ğŸ‘‡ğŸ¤£ @JoeBiden @IvankaTrump @KremlinRussia_E @EmmanuelMacron @UN @WHO @DrTedros @mvankerkhove @BillGatesâ€¦ https://t.co/DrS70CYN0U,Tue Jan 12 17:31:54 +0000 2021,,tl,,,6975,4851,"klo rekan pers dan teman2 gak gw tag,kepanjangan,liat sendiri aja yak,( I NEED TIME TO HEALğŸ›Œ) Apapun yg sy retweet,komen,like berarti sy tertarik,vice versa",Malaysia,1279793956507680768,Sun Jul 05 15:07:28 +0000 2020,False,False,,0,72,False,,580,True,Danny Torrance,,drfrank009,False,F5F8FA,http://pbs.twimg.com/profile_images/1349050619533742083/Aq_o4vQY_normal.jpg,,1349046459232968705,0,False,"<a href=""http://twitter.com/download/android"" rel=""nofollow"">Twitter for Android</a>",False,0
@Nyisist1 @SibandaSibbs @BillGates I believe in science.,Tue Jan 12 17:31:49 +0000 2021,,en,,,678,606,"Nothing beats the best of a
Village Boy|Realistic|",Zimbabwe,979284297801707520,Thu Mar 29 09:09:05 +0000 2018,False,False,,0,133,False,,503,True,Mukanya WeMbire,,RealMandizvidza,False,F5F8FA,http://pbs.twimg.com/profile_images/1285479100778414081/OcSx-SEr_normal.jpg,,1349046439385694208,0,False,"<a href=""http://twitter.com/download/android"" rel=""nofollow"">Twitter for Android</a>",False,0
"RT @patricia_roemer: @MichaelRosenYes @microsoft. 

This is Michael Rosen, world famous childrenâ€™s author &amp; Childrenâ€™s Laureate. 

Please hâ€¦",Tue Jan 12 17:30:49 +0000 2021,,en,,,95138,96181,what a mess #TransRightsAreHumanRights and #TransKids are being neglected by the system,"England, United Kingdom",179521723,Tue Aug 17 14:03:30 +0000 2010,False,False,,35,8598,False,,8884,False,HelenğŸ”¸#FBPE #ForeverEuropean,,brightsider123,True,000000,http://pbs.twimg.com/profile_images/1348685815363338240/bjM6R66o_normal.jpg,,1349046185978425348,0,False,"<a href=""http://twitter.com/download/iphone"" rel=""nofollow"">Twitter for iPhone</a>",False,17
"@RealMandizvidza @SibandaSibbs @BillGates why u forcing me to believe what u saying..... believe in your Bill Gates saga, wont rub it in you",Tue Jan 12 17:30:28 +0000 2021,,en,,,6737,7023,Ahoy King,,1318634977664315393,Tue Oct 20 19:27:42 +0000 2020,False,False,,0,202,False,,186,True,King Nyisist â¤ï¸â¤ï¸ğŸ’–ğŸ’•â¤ï¸MakuNyiwe,,Nyisist1,False,F5F8FA,http://pbs.twimg.com/profile_images/1319648534350659590/FC4jymUc_normal.jpg,,1349046099282186246,0,False,"<a href=""http://twitter.com/download/android"" rel=""nofollow"">Twitter for Android</a>",False,0
@_LiLMod @GhqstRAF @ASMRJanina @TwitterDE @Cristiano @neymarjr @elonmusk @DonaldJTrumpJr @BillGates @BarackObamaâ€¦ https://t.co/4riHu68R2x,Tue Jan 12 17:30:22 +0000 2021,,de,,,309,1021,ybz @QuatratKopf & @_Lilmod ğŸš,,1243252005948329989,Thu Mar 26 19:02:42 +0000 2020,False,False,,0,95,False,,84,True,zllev,,zllev_,False,F5F8FA,http://pbs.twimg.com/profile_images/1344066566569271302/YGgDC8UT_normal.jpg,,1349046074154110976,0,False,"<a href=""http://twitter.com/download/iphone"" rel=""nofollow"">Twitter for iPhone</a>",False,0
@BillGates no wonder you were advocating COVID vaccines testing in Africa........... https://t.co/5VZmg4LpnR,Tue Jan 12 17:30:20 +0000 2021,,en,,,79161,18918,(6Teen) #Blacklivesmatter A Black Supremacist â€œ...this is a dark skin black woman stan account.â€,,1157327319398264833,Fri Aug 02 16:28:29 +0000 2019,False,False,,0,203,False,,997,True,(âˆ©ï½€-Â´)âŠƒâ”â”â˜†ï¾Ÿ.*ï½¥ï½¡ï¾Ÿá´ºá´¹,,dripyworld_,False,F5F8FA,http://pbs.twimg.com/profile_images/1347150236117032960/HutYL5yA_normal.jpg,,1349046063743852544,0,False,"<a href=""http://twitter.com/download/iphone"" rel=""nofollow"">Twitter for iPhone</a>",False,0
"An interesting conversation between @BillGates  @zannymb discussing lessons from the pandemic, vision for a greenerâ€¦ https://t.co/57qNZyu9l1",Tue Jan 12 17:30:00 +0000 2021,,en,,,618,554,"Academic Entrepreneur. Chair Professor @PittBusiness. Author. Center Director @PittCSB. Consult on sustainability strategy, stakeholder engagement, firm value.","Pittsburgh, PA",3081367672,Mon Mar 09 10:39:23 +0000 2015,False,False,https://t.co/IukgA24uQm,29,407,False,,159,False,CB Bhattacharya,,CBsuite,False,000000,http://pbs.twimg.com/profile_images/574883492317691904/bLFFYKde_normal.jpeg,,1349045981711532033,0,False,"<a href=""https://mobile.twitter.com"" rel=""nofollow"">Twitter Web App</a>",False,0
@zllev_ @GhqstRAF @ASMRJanina @TwitterDE @Cristiano @neymarjr @elonmusk @DonaldJTrumpJr @BillGates @BarackObamaâ€¦ https://t.co/bbkK6meH20,Tue Jan 12 17:29:46 +0000 2021,,de,,,294,264,@QuatratKopf ğŸš@zllev_ğŸš,Niedersachsen,1346820543811641345,Wed Jan 06 14:07:04 +0000 2021,False,False,,0,45,False,,72,True,Sam.,,_LiLMod,False,F5F8FA,http://pbs.twimg.com/profile_images/1347951263447658498/OSw9gDz2_normal.jpg,,1349045921976348672,0,False,"<a href=""http://twitter.com/download/iphone"" rel=""nofollow"">Twitter for iPhone</a>",False,0
@Nyisist1 @SibandaSibbs @BillGates Rubish you bern having vaccination from birth gara kure you know nothing wena,Tue Jan 12 17:29:24 +0000 2021,,en,,,678,606,"Nothing beats the best of a
Village Boy|Realistic|",Zimbabwe,979284297801707520,Thu Mar 29 09:09:05 +0000 2018,False,False,,0,133,False,,503,True,Mukanya WeMbire,,RealMandizvidza,False,F5F8FA,http://pbs.twimg.com/profile_images/1285479100778414081/OcSx-SEr_normal.jpg,,1349045831710621696,0,False,"<a href=""http://twitter.com/download/android"" rel=""nofollow"">Twitter for Android</a>",False,0
@rupertmurdoch @BillGates really dialed in rays cursor we us to be frank wild stuff enjoyed it yummy team Mitchellâ€¦ https://t.co/KxKXBtvMs9,Tue Jan 12 17:28:43 +0000 2021,,en,,,61,3325,,East Of Pch,1333653962730291200,Tue Dec 01 06:08:38 +0000 2020,False,False,,0,1,False,,52,True,.,,i_mdb_2021,False,F5F8FA,http://pbs.twimg.com/profile_images/1333660013185753090/tTwLvbZu_normal.jpg,,1349045658016043009,0,False,"<a href=""http://twitter.com/download/android"" rel=""nofollow"">Twitter for Android</a>",False,0
@_LiLMod @GhqstRAF @ASMRJanina @TwitterDE @Cristiano @neymarjr @elonmusk @DonaldJTrumpJr @BillGates @BarackObama erâ€¦ https://t.co/BTWRDCTC99,Tue Jan 12 17:28:11 +0000 2021,,de,,,309,1021,ybz @QuatratKopf & @_Lilmod ğŸš,,1243252005948329989,Thu Mar 26 19:02:42 +0000 2020,False,False,,0,95,False,,84,True,zllev,,zllev_,False,F5F8FA,http://pbs.twimg.com/profile_images/1344066566569271302/YGgDC8UT_normal.jpg,,1349045523878129676,0,False,"<a href=""http://twitter.com/download/iphone"" rel=""nofollow"">Twitter for iPhone</a>",False,0
@_LiLMod @zllev_ @ASMRJanina @TwitterDE @Cristiano @neymarjr @elonmusk @DonaldJTrumpJr @BillGates @polizeiberlin twitterrandalismus hier,Tue Jan 12 17:28:05 +0000 2021,,fr,,,92,35,â„™ğ•ğ•’ğ•ªğ•–ğ•£ ğ•—ğ• ğ•£ @esportBERG |ğŸ‡¦ğŸ‡¹| @itsmeandrea_15 ğŸ§ ğ•€ğ• â„•ğ•’ğ•ğ•–ğ•Ÿ ğ••ğ•–ğ•¤ â„ğ•–ğ•šğ•ğ•šğ•˜ğ•–ğ•Ÿ ğ”¾ğ•™ğ• ğ•¤ğ•¥ âœŸ | ğ•„ğ• ğ•¤ğ•¥ â„ğ•’ğ•¥ğ•–ğ•• ğŸ˜ˆ,"Wien, Ã–sterreich",1345125947452903429,Fri Jan 01 21:53:24 +0000 2021,False,False,https://t.co/CBxJdD6uCY,0,46,False,,75,True,GhqstRAF,,GhqstRAF,False,F5F8FA,http://pbs.twimg.com/profile_images/1347590192186732550/AbLgsrNN_normal.jpg,,1349045498318098434,0,False,"<a href=""http://twitter.com/download/iphone"" rel=""nofollow"">Twitter for iPhone</a>",False,0
@zllev_ @GhqstRAF @ASMRJanina @TwitterDE @Cristiano @neymarjr @elonmusk @DonaldJTrumpJr @BillGates tÃ¶te ihn,Tue Jan 12 17:27:23 +0000 2021,,de,,,294,264,@QuatratKopf ğŸš@zllev_ğŸš,Niedersachsen,1346820543811641345,Wed Jan 06 14:07:04 +0000 2021,False,False,,0,45,False,,72,True,Sam.,,_LiLMod,False,F5F8FA,http://pbs.twimg.com/profile_images/1347951263447658498/OSw9gDz2_normal.jpg,,1349045322736140298,0,False,"<a href=""http://twitter.com/download/iphone"" rel=""nofollow"">Twitter for iPhone</a>",False,0
@Indianandabori1 @HKrassenstein @realDonaldTrump @nytimes @FoxNews @MohamedBinZayed @jokowi @mohmahfudmd @RTErdoganâ€¦ https://t.co/yXLkkt4p9g,Tue Jan 12 17:26:20 +0000 2021,,in,,,1,2153,....,,1341655590704058373,Wed Dec 23 08:03:42 +0000 2020,False,False,,0,0,True,,1,True,Amirulandmama,,amirulandmama,False,F5F8FA,http://abs.twimg.com/sticky/default_profile_images/default_profile_normal.png,,1349045055923703809,0,False,"<a href=""https://mobile.twitter.com"" rel=""nofollow"">Twitter Web App</a>",False,0
COVID relief for teachers - a stunning game changer. Help us get #twoscreensforteachers @jack @vanessa__terryâ€¦ https://t.co/G5zERVAX5s,Tue Jan 12 17:23:39 +0000 2021,,en,,,1077,204,"Pre-k, All day! Gideons Elementary, where we shineğŸ’« like the true stars we are!",,1211774069265203200,Mon Dec 30 22:20:45 +0000 2019,False,False,,0,36,False,,59,True,Prek@Gideons,,GideonsPre,False,F5F8FA,http://pbs.twimg.com/profile_images/1316341360115552258/7OkAzhzV_normal.jpg,,1349044384247984129,0,False,"<a href=""http://twitter.com/download/iphone"" rel=""nofollow"">Twitter for iPhone</a>",False,0
"@melindagates :

seeking friendship is a lot better than seeking a relation ğŸ¤¦

@BillGates :

what happened to u linâ€¦ https://t.co/WWMrn9OukL",Tue Jan 12 17:23:18 +0000 2021,,en,,,42962,36045,"https://t.co/g4itK6ldQs 

https://t.co/2A49nGw0pn

https://t.co/dSy4QHKhgc

https://t.co/9i18anmeqb

https://t.co/g10EsFoVHt",d.s.i(divided states of india),1139989437595570176,Sat Jun 15 20:13:56 +0000 2019,False,False,,0,107,False,,1848,True,cheche,,cheche_ever,True,F5F8FA,http://pbs.twimg.com/profile_images/1348690967050604544/z4Lh7L00_normal.jpg,,1349044295626420230,1,False,"<a href=""https://mobile.twitter.com"" rel=""nofollow"">Twitter Web App</a>",False,0
"Anxious, anxious and irresistible man.

The most short-circuit thinking man in the world.

A man who can't do anythâ€¦ https://t.co/LUM3P3Xv0Z",Tue Jan 12 17:22:47 +0000 2021,,en,,,26625,22118,Blessing Corporation Press. The World Freedom Organization.ğŸ‡ºğŸ‡¸ğŸ‡¯ğŸ‡µğŸ‡¬ğŸ‡§ğŸ‡·ğŸ‡ºğŸ‡®ğŸ‡³ğŸ‡¦ğŸ‡ºğŸ‡¹ğŸ‡¼ğŸ‡¦ğŸ‡ªğŸ‡®ğŸ‡·ğŸ‡®ğŸ‡±ğŸ‡»ğŸ‡³ğŸ‡¸ğŸ‡¬ğŸ‡®ğŸ‡©ğŸ‡²ğŸ‡¾ğŸ‡µğŸ‡­ğŸ‡²ğŸ‡½ğŸ‡©ğŸ‡ªğŸ‡«ğŸ‡·ğŸ‡®ğŸ‡¹ğŸ‡ªğŸ‡¸ğŸ‡µğŸ‡¹ğŸ‡§ğŸ‡·ğŸ‡¨ğŸ‡¦ğŸ‡¨ğŸ‡ºğŸ‡¯ğŸ‡²,JAPAN,1076433752299995138,Sat Dec 22 11:06:20 +0000 2018,False,False,,4,1030,False,,1121,True,BCPé€šä¿¡ç¤¾(æ—¥æœ¬æ”¯å±€),,CEOoftheBLACK,False,F5F8FA,http://pbs.twimg.com/profile_images/1348291382943760385/hEWXDFjT_normal.jpg,,1349044165959512065,0,False,"<a href=""http://twitter.com/download/iphone"" rel=""nofollow"">Twitter for iPhone</a>",False,0
RT @Filq2001: I don't even care if Indiana Jones is on Xbox I will become a Xbox shill you win @BillGates,Tue Jan 12 17:22:18 +0000 2021,,en,,,97638,88727,#ReleaseTheWebbCut #TASMGang Aspiring Video Editor,"North Carolina, USA",1049735009991622656,Tue Oct 09 18:55:04 +0000 2018,False,False,https://t.co/SmBEpXRE8b,14,747,False,,2334,True,Infinite Possibilities #BlackLivesMatter,,IPossibillities,True,F5F8FA,http://pbs.twimg.com/profile_images/1343828338280976384/F0nkGKmf_normal.jpg,,1349044043532161024,0,False,"<a href=""http://twitter.com/download/iphone"" rel=""nofollow"">Twitter for iPhone</a>",False,1
"RT @patricia_roemer: @MichaelRosenYes @microsoft. 

This is Michael Rosen, world famous childrenâ€™s author &amp; Childrenâ€™s Laureate. 

Please hâ€¦",Tue Jan 12 17:21:46 +0000 2021,,en,,,180876,60733,"Estranged EU Citizen.
Retweets do not indicate agreement.
No likey, no follow!","Liphook & London, England",86186373,Thu Oct 29 23:04:49 +0000 2009,False,False,,22,2515,False,,4999,True,Rob,,robwww,False,C0DEED,http://pbs.twimg.com/profile_images/873122850315542529/qP0g_Nyo_normal.jpg,,1349043907091427329,0,False,"<a href=""http://twitter.com/download/android"" rel=""nofollow"">Twitter for Android</a>",False,17
@rupertmurdoch @BillGates seems we have lots of verts.,Tue Jan 12 17:21:02 +0000 2021,,en,,,61,3325,,East Of Pch,1333653962730291200,Tue Dec 01 06:08:38 +0000 2020,False,False,,0,1,False,,52,True,.,,i_mdb_2021,False,F5F8FA,http://pbs.twimg.com/profile_images/1333660013185753090/tTwLvbZu_normal.jpg,,1349043724714528768,0,False,"<a href=""http://twitter.com/download/android"" rel=""nofollow"">Twitter for Android</a>",False,0
"gÃ¼ncelleme yapiom diye...
yine ziktin windowzun ebesini... ğŸ¤“ @BillGates",Tue Jan 12 17:19:18 +0000 2021,,tr,,,151588,422966,Lucha! Contra el racismo! Contra el sexismo! Contra el capitalismo! Contra el fascismo! #PatatizKurtuluÅŸOrdusu #evladÄ±Romanov #ZorroLopedi  #ğ–…ğ–”ğ–—ğ–—ğ–”ğ•¹ğ–Šğ–œğ–˜,Ğ‘Ğ°Ğ¹Ò›Ğ¾Ò£Ñ‹Ñ€ (Ò“Ğ°Ñ€Ñ‹Ñˆ Ğ°Ğ¹Ğ»Ğ°Ò“Ñ‹),633909707,Thu Jul 12 17:44:06 +0000 2012,False,False,,94,5005,False,,3477,False,Ğ·Ğ¾Ñ€Ñ€Ğ¾ Ğ´Ğ¾Ğ¼Ğ° ğŸŒŸğŸŒŸğŸŒŸğŸŒŸğŸ‡¨ğŸ‡º,,Zorro_7CU,True,781019,http://pbs.twimg.com/profile_images/1293162449747808258/CU5xVJK1_normal.jpg,,1349043288490303492,0,False,"<a href=""https://mobile.twitter.com"" rel=""nofollow"">Twitter Web App</a>",False,0
@Indianandabori1 @HKrassenstein @realDonaldTrump @nytimes @FoxNews @MohamedBinZayed @jokowi @mohmahfudmd @RTErdoganâ€¦ https://t.co/sVoqc4ecIQ,Tue Jan 12 17:18:31 +0000 2021,,in,,,1,2153,....,,1341655590704058373,Wed Dec 23 08:03:42 +0000 2020,False,False,,0,0,True,,1,True,Amirulandmama,,amirulandmama,False,F5F8FA,http://abs.twimg.com/sticky/default_profile_images/default_profile_normal.png,,1349043090477051904,0,False,"<a href=""https://mobile.twitter.com"" rel=""nofollow"">Twitter Web App</a>",False,0
@Octavo111 @mokabah @MightiJamie @BillGates @TEDTalks the guy is on a video saying this words its not an allegation its a fact,Tue Jan 12 17:17:32 +0000 2021,,en,,,596,2885,"Decolonizing the Afrikan Mind, My account was suspended for exposing Zweli Mkhize for using annual influenza cases as Covid19",,1278273269326655488,Wed Jul 01 10:24:45 +0000 2020,False,False,,0,65,False,,282,True,Catsatingalo1996,,Catsatingalo96,False,F5F8FA,http://pbs.twimg.com/profile_images/1278273435064508417/IK20md7N_normal.jpg,,1349042841817911300,1,False,"<a href=""https://mobile.twitter.com"" rel=""nofollow"">Twitter Web App</a>",False,0
@Indianandabori1 @HKrassenstein @realDonaldTrump @nytimes @FoxNews @MohamedBinZayed @jokowi @mohmahfudmd @RTErdoganâ€¦ https://t.co/onooXh4G0b,Tue Jan 12 17:16:59 +0000 2021,,in,,,1,2153,....,,1341655590704058373,Wed Dec 23 08:03:42 +0000 2020,False,False,,0,0,True,,1,True,Amirulandmama,,amirulandmama,False,F5F8FA,http://abs.twimg.com/sticky/default_profile_images/default_profile_normal.png,,1349042704450129924,0,False,"<a href=""https://mobile.twitter.com"" rel=""nofollow"">Twitter Web App</a>",False,0
COVID relief for teachers - a stunning game changer. Help us get #twoscreensforteachers @jack @vanessa__terryâ€¦ https://t.co/JRuv90n5MV,Tue Jan 12 17:16:11 +0000 2021,,en,,,318,305,mom of 4. avid reader; sports enthusiast; baseball coach; in the pursuit of equal opportunity and rights for ALL ğŸ’ªğŸ¼ğŸ’ªğŸ½ğŸ’ªğŸ¾ğŸ’ªğŸ¿ğŸŒˆğŸ‘§ğŸ¼ğŸ‘¦ğŸ½,,967451118,Sat Nov 24 06:08:52 +0000 2012,False,False,,0,36,False,,72,True,Kendra,,nuzzieknowles,False,C0DEED,http://pbs.twimg.com/profile_images/2888634477/7f292023a4dd1f7c5fa89a677280a328_normal.jpeg,,1349042504398557185,0,False,"<a href=""https://mobile.twitter.com"" rel=""nofollow"">Twitter Web App</a>",False,0
@Ta_Ocras_Orm @andrewJcush @BillGates ğŸ˜‚ğŸ˜‚,Tue Jan 12 17:15:58 +0000 2021,,und,,,9820,3989,,Ballinamere,213438931,Mon Nov 08 22:51:43 +0000 2010,False,False,,0,307,False,,567,False,Eoin McDonnell,,eoinsplace,False,C0DEED,http://pbs.twimg.com/profile_images/1266296852304945155/Rk362Ekg_normal.jpg,,1349042449189101571,1,False,"<a href=""http://twitter.com/download/iphone"" rel=""nofollow"">Twitter for iPhone</a>",False,0
@Indianandabori1 @HKrassenstein @realDonaldTrump @nytimes @FoxNews @MohamedBinZayed @jokowi @mohmahfudmd @RTErdoganâ€¦ https://t.co/e67pTukofR,Tue Jan 12 17:15:32 +0000 2021,,in,,,1,2153,....,,1341655590704058373,Wed Dec 23 08:03:42 +0000 2020,False,False,,0,0,True,,1,True,Amirulandmama,,amirulandmama,False,F5F8FA,http://abs.twimg.com/sticky/default_profile_images/default_profile_normal.png,,1349042339025547264,0,False,"<a href=""https://mobile.twitter.com"" rel=""nofollow"">Twitter Web App</a>",False,0
@Indianandabori1 @HKrassenstein @realDonaldTrump @nytimes @FoxNews @MohamedBinZayed @jokowi @mohmahfudmd @RTErdoganâ€¦ https://t.co/ItuaKeAd5S,Tue Jan 12 17:14:24 +0000 2021,,in,,,1,2153,....,,1341655590704058373,Wed Dec 23 08:03:42 +0000 2020,False,False,,0,0,True,,1,True,Amirulandmama,,amirulandmama,False,F5F8FA,http://abs.twimg.com/sticky/default_profile_images/default_profile_normal.png,,1349042052953083904,0,False,"<a href=""https://mobile.twitter.com"" rel=""nofollow"">Twitter Web App</a>",False,0
@andrewJcush @eoinsplace And how else will @BillGates know he can now control you ğŸ¤·â€â™€ï¸,Tue Jan 12 17:14:12 +0000 2021,,en,,,14909,1794,This is the official Twitter account of Mono.,,227689722,Fri Dec 17 14:45:42 +0000 2010,False,False,,2,454,False,,1450,True,Monoâ„¢,,Ta_Ocras_Orm,True,C0DEED,http://pbs.twimg.com/profile_images/955757557997555712/tX_P_uDP_normal.jpg,,1349042006253776896,1,False,"<a href=""http://twitter.com/download/iphone"" rel=""nofollow"">Twitter for iPhone</a>",False,0
Babs has reached the inevitable point in the proceedings where her â€˜not entirely naturalâ€™ blonde hair is starting tâ€¦ https://t.co/TI8TlDgN78,Tue Jan 12 17:13:47 +0000 2021,,en,,,2,8,Babs vs. Lockdown life...letâ€™s get through it together!,,1346127548904861697,Mon Jan 04 16:13:36 +0000 2021,False,False,https://t.co/84TdPygONZ,0,0,False,,9,True,all-about-babs,,BabsOfficially,False,F5F8FA,http://pbs.twimg.com/profile_images/1346127830938234880/2oi190tA_normal.jpg,,1349041899009662979,0,False,"<a href=""http://twitter.com/download/iphone"" rel=""nofollow"">Twitter for iPhone</a>",False,0
@Indianandabori1 @HKrassenstein @realDonaldTrump @nytimes @FoxNews @MohamedBinZayed @jokowi @mohmahfudmd @RTErdoganâ€¦ https://t.co/gAQ5ZEYXx4,Tue Jan 12 17:13:20 +0000 2021,,in,,,1,2153,....,,1341655590704058373,Wed Dec 23 08:03:42 +0000 2020,False,False,,0,0,True,,1,True,Amirulandmama,,amirulandmama,False,F5F8FA,http://abs.twimg.com/sticky/default_profile_images/default_profile_normal.png,,1349041784614121472,0,False,"<a href=""https://mobile.twitter.com"" rel=""nofollow"">Twitter Web App</a>",False,0
You see what people who are serious about saving lives do? @BillGates ğŸ˜ŒğŸ˜ŒğŸ˜Œ https://t.co/7ZUY48Oz27,Tue Jan 12 17:11:59 +0000 2021,,en,,,7143,67656,"To love or have loved, that is enough. Ask nothing further. There is no other pearl to be found in the dark folds of life",South Africa,1617970742,Wed Jul 24 15:05:18 +0000 2013,False,False,,14,1414,False,,40,True,Raised By Wolves,,kamomogul,True,C0DEED,http://pbs.twimg.com/profile_images/1310435988985065472/ahS4QBK__normal.jpg,,1349041448348430336,0,False,"<a href=""http://twitter.com/download/android"" rel=""nofollow"">Twitter for Android</a>",False,0
"@alexander_jorde ..NOCH nicht mutiert ğŸ˜‚ğŸ™ˆğŸ¤­

Die Chips von @BillGates sind verzÃ¶gert programmiert fÃ¼r maximale Verwirâ€¦ https://t.co/MTmxcV8VWx",Tue Jan 12 17:11:20 +0000 2021,,de,,,2426,2048,,"KÃ¶ln, Deutschland",1315768003452186624,Mon Oct 12 21:36:30 +0000 2020,False,False,,1,44,False,,508,True,Marine de Cologne,,CologneMarine,False,F5F8FA,http://pbs.twimg.com/profile_images/1321612322675326976/Dy_pevq4_normal.jpg,,1349041284330217472,0,False,"<a href=""http://twitter.com/download/android"" rel=""nofollow"">Twitter for Android</a>",False,0
"RT @mesabeamierda2: @ANDRESRUIZGARC6 @BillGates todo lo que inventas es malo, pudrete! Y que viva Apple!!!!!!",Tue Jan 12 17:10:25 +0000 2021,,es,,,8681,12610,"Economista y empresario, anti-progre, afiliado a Vox. Partidario de una EspaÃ±a centralizada, prÃ³spera, segura y decisiva en materia internacional.","Madrid, Comunidad de Madrid",1204799050165506058,Wed Dec 11 16:24:28 +0000 2019,False,False,,3,3780,False,,4260,True,ANDRES RUIZ GARCIA,,ANDRESRUIZGARC6,False,F5F8FA,http://pbs.twimg.com/profile_images/1323239158987587585/2l5v0obH_normal.jpg,,1349041051617685510,0,False,"<a href=""http://twitter.com/download/android"" rel=""nofollow"">Twitter for Android</a>",False,1
@Indianandabori1 @HKrassenstein @realDonaldTrump @nytimes @FoxNews @MohamedBinZayed @jokowi @mohmahfudmd @RTErdoganâ€¦ https://t.co/uPmMmzELzl,Tue Jan 12 17:09:17 +0000 2021,,in,,,1,2153,....,,1341655590704058373,Wed Dec 23 08:03:42 +0000 2020,False,False,,0,0,True,,1,True,Amirulandmama,,amirulandmama,False,F5F8FA,http://abs.twimg.com/sticky/default_profile_images/default_profile_normal.png,,1349040768279670785,0,False,"<a href=""https://mobile.twitter.com"" rel=""nofollow"">Twitter Web App</a>",False,0
@mitchellreports    @WarrenBuffett @rupertmurdoch @BillGates we're gonna saddle up her western always' Mitchell says warren,Tue Jan 12 17:08:19 +0000 2021,,en,,,61,3325,,East Of Pch,1333653962730291200,Tue Dec 01 06:08:38 +0000 2020,False,False,,0,1,False,,52,True,.,,i_mdb_2021,False,F5F8FA,http://pbs.twimg.com/profile_images/1333660013185753090/tTwLvbZu_normal.jpg,,1349040524527763457,0,False,"<a href=""http://twitter.com/download/android"" rel=""nofollow"">Twitter for Android</a>",False,0
RT @pjchatfield: @stephanie_murr @SpeakerPelosi @SenSchumer @tedlieu @AOC @Ilhan @MtnMD @TedraCobb @NY21CTA @schaff_sara @BillGates @melindâ€¦,Tue Jan 12 17:07:51 +0000 2021,,en,,,7447,2270,,,863383311296729089,Sat May 13 13:19:57 +0000 2017,False,False,,3,240,False,,480,True,ChangeThroughAction,,NY21CTA,True,F5F8FA,http://pbs.twimg.com/profile_images/865220869294915584/_B5tZ6vq_normal.jpg,,1349040406311411718,0,False,"<a href=""http://twitter.com/download/android"" rel=""nofollow"">Twitter for Android</a>",False,6
@drjhavn1 @CNNnews18 @maryashakil @BBC @washingtonpost @narendramodi @SwetaSinghAT @sambitswaraj @Sanjaym04686314â€¦ https://t.co/BE8AKOKFbz,Tue Jan 12 17:04:55 +0000 2021,,en,,,795,8972,"Hi
I think I am simple person and enjoy small things of life verywell. I am thankful to GOD & create fun for my colleagues from the life situations.
SAXENA",NEWDELHI,323064897,Fri Jun 24 05:52:47 +0000 2011,False,False,,3,164,False,,365,False,RAMESH KUMAR SAXENA,,saxenaramesh,True,FFF04D,http://pbs.twimg.com/profile_images/1838093402/IMG0204A_1__normal.jpg,,1349039669955108864,0,False,"<a href=""http://twitter.com/download/android"" rel=""nofollow"">Twitter for Android</a>",False,0
@rupertmurdoch @BillGates good yes ya see its not that tough to be sane we genies kw dt,Tue Jan 12 17:04:29 +0000 2021,,en,,,61,3325,,East Of Pch,1333653962730291200,Tue Dec 01 06:08:38 +0000 2020,False,False,,0,1,False,,52,True,.,,i_mdb_2021,False,F5F8FA,http://pbs.twimg.com/profile_images/1333660013185753090/tTwLvbZu_normal.jpg,,1349039558575357952,0,False,"<a href=""http://twitter.com/download/android"" rel=""nofollow"">Twitter for Android</a>",False,0
"@BillGates Mr.Gates! 
Please do not block direct sunlight because  this can significantly affect the weather and plâ€¦ https://t.co/GNSx2caMLP",Tue Jan 12 17:04:12 +0000 2021,,en,,,118,8081,"I work in VTBank, currenÑy department
I like music.",Russia,279900908,Sun Apr 10 07:14:15 +0000 2011,False,False,https://t.co/ov8waZiDCR,3,307,False,,617,False,Helen Zlatocrylec,,Zlatocrylec,False,FF6699,http://pbs.twimg.com/profile_images/1306389752/_________-2_normal.jpg,,1349039487939129345,0,False,"<a href=""https://mobile.twitter.com"" rel=""nofollow"">Twitter Web App</a>",False,0
@professorbe3 @RAyee63514287 @tesla_master @elonmusk @Tesla @gatesfoundation @melindagates @BillGates College debtâ€¦ https://t.co/AdR9nEFZQW,Tue Jan 12 17:03:25 +0000 2021,,en,,,138,226,"I go by Frank, not Francis!
Be cool, be safe!
Do the right thing!",,1278011586079125504,Tue Jun 30 17:05:02 +0000 2020,False,False,,0,4,False,,40,True,FCastle187,,Castle187F,False,F5F8FA,http://pbs.twimg.com/profile_images/1278012410360545280/mYr24w0B_normal.jpg,,1349039290693554176,3,False,"<a href=""http://twitter.com/download/iphone"" rel=""nofollow"">Twitter for iPhone</a>",False,0
@Indianandabori1 @HKrassenstein @realDonaldTrump @nytimes @FoxNews @MohamedBinZayed @jokowi @mohmahfudmd @RTErdoganâ€¦ https://t.co/jGuqGWp9Zj,Tue Jan 12 17:02:51 +0000 2021,,und,,,1,2153,....,,1341655590704058373,Wed Dec 23 08:03:42 +0000 2020,False,False,,0,0,True,,1,True,Amirulandmama,,amirulandmama,False,F5F8FA,http://abs.twimg.com/sticky/default_profile_images/default_profile_normal.png,,1349039149811044354,0,False,"<a href=""https://mobile.twitter.com"" rel=""nofollow"">Twitter Web App</a>",False,0
"RT @AmitTiw17864639: #SpeakUpforDelhiPoliceExamScam
@PMOIndia 
@CPDelhi 
@AmitShahOffice @loksabhaspeaker 
@RahulGandhi 
@BillGates 
@ZeeNeâ€¦",Tue Jan 12 17:02:46 +0000 2021,,und,,,54,796,mechanical engineerğŸ¤­,"New Delhi, India",2769711959,Sun Sep 14 05:45:25 +0000 2014,False,False,,0,4,False,,15,True,Sumit gupta,,budhu_sumit,False,C0DEED,http://pbs.twimg.com/profile_images/1270848760810074113/0rb9EYys_normal.jpg,,1349039128692678657,0,False,"<a href=""http://twitter.com/download/android"" rel=""nofollow"">Twitter for Android</a>",False,1
"@BillGates on economy v the virus. ""people donâ€™t like going to the stadium when they might get infected""â€¦ https://t.co/GS7qgdScU9",Tue Jan 12 17:01:28 +0000 2021,,en,,,576,35109,Former Irish MEP 2009-19. Psychotherapist. Psychoanalyst. Social Democrat. Mother. RTs â‰  endorsement. Email: nessa.childers@gmail.com (now working online),Dublin ,239862568,Tue Jan 18 16:11:20 +0000 2011,True,False,,351,9092,False,,1559,False,Nessa Childers,,NChildersMEP,True,ABB8C2,http://pbs.twimg.com/profile_images/717009350171078658/NDisHgn2_normal.jpg,,1349038801042239490,0,False,"<a href=""http://twitter.com/#!/download/ipad"" rel=""nofollow"">Twitter for iPad</a>",False,0
RT @BillGates: Itâ€™s great to see Indiaâ€™s leadership in scientific innovation and vaccine manufacturing capability as the world works to endâ€¦,Tue Jan 12 16:59:38 +0000 2021,,en,,,811,10702,"life live according MY rule
Wish me on 10 March","Bihar, India",1653016194,Wed Aug 07 14:12:25 +0000 2013,False,False,,1,1075,False,,1243,True,cool jonu,,cooljonu,True,C0DEED,http://pbs.twimg.com/profile_images/952976385286352896/6H8Ij4Gc_normal.jpg,,1349038338410377216,0,False,"<a href=""http://twitter.com/download/android"" rel=""nofollow"">Twitter for Android</a>",False,20595
#tuesdaymotivations #TuesdayThoughts #tuesdayvibe â¦@TheDailyShowâ© â¦@DalaiLamaâ© â¦@AOCâ© â¦@sarahcprâ© â¦@JudgeMaryYuâ© â¦â€¦ https://t.co/AXM4iU8Tgy,Tue Jan 12 16:59:32 +0000 2021,,und,,,6947,2368,"Focused on Family, Community, Country, & Nonfiction. Holding the base of the ladder for others to climb with confidence! Gonzaga University School of Law JD","Spokane, WA",4767071114,Sat Jan 16 06:44:35 +0000 2016,False,False,,3,64,False,,69,True,"Betty J. Craipo, Esq.",,bettycraipo,False,F5F8FA,http://pbs.twimg.com/profile_images/742981532210581505/6C8JVBcP_normal.jpg,,1349038314381221888,0,False,"<a href=""http://twitter.com/download/iphone"" rel=""nofollow"">Twitter for iPhone</a>",False,0
